c2.hu:587,r_dickson10@c2.hu,wxcvbn
hoyk.de:587,sylvia@hoyk.de,19Melanie81
chumekprinting.com:587,panithan@chumekprinting.com,3739210
smtp.mybluelight.com:587,dlkosinski@mybluelight.com,JUSTRYNE
smtp.adv.oabsp.org.br:587,silmara.teixeira@adv.oabsp.org.br,pslm29
smtp.luukku.com:587,nina.sa@luukku.com,rakkaus
smtp.lejournaldececile.com:587,cecile@lejournaldececile.com,bouhbouh
smtp.laposte.net:587,k.parchemin@laposte.net,NBAdunk10
smtp.sfr.fr:587,lisa.arseguel@sfr.fr,Lilou0928
smtp.sina.com:587,jackywutian@sina.com,eightnine
smtp.wanadoo.fr:587,martin.harry@wanadoo.fr,Manon171
smtp.netportusa.com:587,kbarrow@netportusa.com,wheelo54
smtp.ziggo.nl:587,flora.cornelissen@ziggo.nl,flora01420
smtp.buckeyeexpress.com:587,kkschell@buckeyeexpress.com,underarmor01
smtp.vocorama.fr:587,contact@vocorama.fr,carrerossini
smtp.ustc.edu:587,sophy@ustc.edu,iloveyou
smtp.neuf.fr:587,delph.seb@neuf.fr,Sebas2106
smtp.neostrada.pl:587,witold.tabor@neostrada.pl,piotrek321a
smtp.madasafish.com:587,linda350@madasafish.com,leslin
smtp.tpg.com.au:587,patncam@tpg.com.au,l0renz0
smtp.buckeye-express.com:587,bigglaze35@buckeye-express.com,rglaze00
smtp.mi-connection.com:587,laurag80@mi-connection.com,jeff3902
smtp.bex.net:587,mollyj@bex.net,chapter5
smtp.cegetel.net:587,nicolas.le.cuisinier@cegetel.net,typhaine
smtp.baymoon.com:587,ijack@baymoon.com,rsvp501
smtp.conwaycorp.net:587,dangoemail@conwaycorp.net,Maxamillion68
smtp.cogeco.ca:587,greenapple246@cogeco.ca,greenapple
smtp.ruraltel.net:587,tlplowman@ruraltel.net,whitwhat
smtp.homecall.co.uk:587,jamie.campbell@homecall.co.uk,inksey03
smtp.club.fr:587,fevrier.dominique@club.fr,3pd35uzm
smtp.sina.cn:587,xiaojian1303@sina.cn,zijian1303
smtp.teamspartans.org:587,spartans@teamspartans.org,Ulanit39
smtp.sol.dk:587,inalie@sol.dk,lielie57
smtp.cableracer.com:587,lbranning@cableracer.com,bran7469
smtp.myawai.com:587,57bowtie@myawai.com,belair
smtp.golfbuzz.fr:587,contact@golfbuzz.fr,macillroy
smtp.vodafone.de:587,michael-bender@vodafone.de,Sammy1970
smtp.simnet.is:587,pack@simnet.is,Skuggi12
smtp.terra.com.br:587,danielerezende@terra.com.br,Giovanna01Giovanna01
smtp.carlogalli.com:587,cg@carlogalli.com,jackvento
smtp.proide.org.br:587,edir@proide.org.br,433327
smtp.unitel.co.kr:587,odyssey5@unitel.co.kr,EAGLE417
smtp.bvconline.com.ar:587,ogutierrez@bvconline.com.ar,ovgmmb
smtp.upcmail.nl:587,j.heel8@upcmail.nl,1475poesje
smtp.iw.net:587,z.carstensen@iw.net,morgan8812
mail.nexgo.de:587,familie.urian@nexgo.de,PrinzenRolle
smtp.club-internet.fr:587,lolo.m3@club-internet.fr,Tiffany4
smtp.9online.fr:587,thomas.grossiord@9online.fr,sorbasorbetsorba
smtp.hawaiiantel.net:587,dikkip@hawaiiantel.net,sept22000
smtp.servicadom.fr:587,agence@servicadom.fr,agence
smtp.vodafone.it:587,crotonetaxi@vodafone.it,22091968
smtp.orange.fr:587,dcj.dacosta@orange.fr,Martine65
smtp.orange.fr:587,estellemorand1989@orange.fr,pollux1989
smtp.akeonet.com:587,thierry.renavent@akeonet.com,thierry
smtp.1337.no:587,haywire7@1337.no,asimov97
smtp.orange.fr:587,mppennel@orange.fr,76Trombonn
smtp.orange.fr:587,moari.philippe@orange.fr,massada02
smtp.outrank-links.co.uk:587,streetuk@outrank-links.co.uk,Password01
mail.progtech.ru:587,storm@progtech.ru,250382
smtp.orange.fr:587,letard.quentin@orange.fr,motardsql1
smtp.windstream.net:587,wdskeen@windstream.net,Mother31355
smtp.orange.fr:587,philippe.gaillot2@orange.fr,Lanath64!
mail.arcor.de:587,d_bademeister@arcor.de,26sep1989
smtp.zjnu.net:587,05440105@zjnu.net,hxf861017
smtp.voemaisfacil.com.br:587,aldo@voemaisfacil.com.br,ka010379
smtp.orange.fr:587,armandludovic@orange.fr,Ludovic71
smtp.orange.fr:587,emmanuelgarot@orange.fr,twilight1
smtp.uol.com.br:587,nascimentocelia@uol.com.br,01cejure
mail.euroskidki.com:587,info@euroskidki.com,13579zcbm
smtp.orange.fr:587,mmartinlacivette@orange.fr,Muriel123
smtp.orange.fr:587,ml24malayolle@orange.fr,malayolle24
mail.starazagora.net:587,valentinopa@starazagora.net,175320
mail.infovia.com.ar:587,adanbarbas@infovia.com.ar,agustin
smtp.qq.com:587,864024887@qq.com,07997673092lyz
smtp.nifty.com:587,s.kajima@nifty.com,2xtzwd2tman
smtp.grapevine.net.au:587,harryr@grapevine.net.au,coke12
mail.dturner.net:587,david@dturner.net,21stratfordstreet
mail.kilmer.com:587,patty@kilmer.com,cassie
mail.libel.org:587,ewald@libel.org,deftonez
mail.beeline-online.net:587,rhlin@beeline-online.net,Katahdin
smtp.valle-santa.com:587,giovanni.donati@valle-santa.com,lunanera
smtp.bww.com:587,rjaugustus@bww.com,Begum123
mail.thecoconutplantation.biz:587,sitemanager@thecoconutplantation.biz,mike2389
mail.belledog.es:587,info@belledog.es,SONICTEAM0
smtp.vp.pl:587,kamila.horala@vp.pl,maciejka26
smtp.uol.com.br:587,henrique.eiji@uol.com.br,eiji123
mail.ldsubmissions.com:587,15139@ldsubmissions.com,Dental55
mail.centrum.is:587,erlabjarny88@centrum.is,hundur
kiyohand.net:587,info@kiyohand.net,k0703i0703
mail.bongabon.gov.ph:587,emailus@bongabon.gov.ph,bneOnion143
smtp.nifty.com:587,nacchi---@nifty.com,yeh3ehaki
mail.companionvets.net:587,info@companionvets.net,Forrest1
mail.skybeam.com:587,britany@skybeam.com,cooper
mail.thepub.com:587,billy@thepub.com,place38
smtp.nifty.com:587,yama670978@nifty.com,670978
smtp.lycos.com:587,l.e.schmidt@lycos.com,counselor1
smtp.budget.net:587,bertuleith@budget.net,bubbles
mail.bg:465(SSL),vidinliq@mail.bg,madvillian3
smtp.archilogos.it:587,archilogos@archilogos.it,archilogos
mail.rowland.to:587,tina@rowland.to,2060652
smtp.movimenti.it:587,spartanraceteam@movimenti.it,spartano
smtp.bway.net:587,ww1@bway.net,martin1
smtp.teleshare.net:587,bigun65@teleshare.net,thor2000
smtp.swoi.net:587,hmefford@swoi.net,scooby
smtp.nrgrecords.it:587,roby@nrgrecords.it,arianna1
getlocallisting.com:587,cooperelectricalair@getlocallisting.com,compaq6730
smtp.belasanet.sk:587,horvathova.n@belasanet.sk,nikola
smtp.email.it:587,stefanodellapietra@email.it,silvestro
mail.indigodergisi.com:587,mehmet@indigodergisi.com,Ist666762
mail.soderberg.com:587,hans@soderberg.com,lillbabs
smtp.kooee.com.au:587,mgp@kooee.com.au,kate44
szitu.hu:587,katona@szitu.hu,ilozika
mail.uos.ac.kr:587,chy006@uos.ac.kr,ch8156dyd
mail.rhaberkorn.com:587,veronique@rhaberkorn.com,sirena24
mail.djsalescoach.com.au:587,david@djsalescoach.com.au,dsj2312
smtp.ibest.com.br:587,vicovet@ibest.com.br,vicohorse
smtp.lzu.edu.cn:465(SSL),wangjian15@lzu.edu.cn,wangjian4665141
mail.sanet.hu:587,schonwald.csaba@sanet.hu,laura
iranmedu.com:587,info@iranmedu.com,09119259260
smtp.chello.nl:587,j.nooyen@chello.nl,lukedemi
smtp.start.bg:465(SSL),e_l_i_t_o@start.bg,010367
smtp.teol.net:465(SSL),zmilosevic@teol.net,zdravko1
smtp.buychinabest.com:465(SSL),san@buychinabest.com,frank123456
mail.uk2.net:587,colin123@uk2.net,colin123
smtp.think-mie.co.jp:587,info@think-mie.co.jp,Isewan00
mail.mailmax.hu:587,raab@mailmax.hu,20040611!
smtp.aseisa.com:587,bsandoval@aseisa.com,bsandoval
mail.tin.it:587,bevibevi@tin.it,grendel
smtp.marianomariani.it:587,giulia@marianomariani.it,Vajray0g1n1
mail.pearce.net:587,don@pearce.net,Bendigo
smtp.aliyun.com:465(SSL),hbwhcdsc@aliyun.com,hbwhcdsc721
smtp.lantic.net:587,lulu.visser@lantic.net,luluvisser269866
smtp.vip.163.com:587,c200s598t@vip.163.com,xz910606
smtp.edificando.com.br:587,pr.nelson@edificando.com.br,nelson77
mail.rubio.com:587,roman@rubio.com,paque6552
smtp.kch.tepm.jp:587,midnight1129@kch.tepm.jp,mio050413
mail.poste.it:465(SSL),maurizio.longini@poste.it,ml110585
smtp.baldwin-telecom.net:587,bjorns_tad08@baldwin-telecom.net,starfish24
mail.donnelly.net:587,paul@donnelly.net,bangor1971
mail.ctvea.net:587,trishb@ctvea.net,otis5971
smtp.mysoul.com.au:587,jdray@mysoul.com.au,jen431
smtp.qatar.net.qa:465(SSL),shannon@qatar.net.qa,mkg195
mail.bbexcite.jp:587,mansyu2@mail.bbexcite.jp,masaki
smtp.giacomouse.com:587,nevedibi@giacomouse.com,nevotti
mail.thomasspencerwortley.com:587,admin@thomasspencerwortley.com,Bq76aez1
smtp.buckeye-access.com:587,lmfriedman@buckeye-access.com,dock1997
mail.etigers.net:587,jobanion@etigers.net,topwater
smtp.soggiornodonorione.it:587,webmaster@soggiornodonorione.it,gggggggg
smtp.home.nl:587,carsena@home.nl,janjol651
smtp.poczta.onet.pl:587,arek.owczarek@poczta.onet.pl,killerek0.
smtp.livroetc.com.br:587,marketing@livroetc.com.br,livraria321
mail.petras.com:587,angie@petras.com,Angiep4514
i.com.ua:587,deamond@i.com.ua,ananerbe
webmail.dir.bg:465(SSL),olif-bg@dir.bg,363622bg
mail.thomas.net:587,kaylie@thomas.net,nampanese2
smtp.ig.com.br:587,x-milton@ig.com.br,190573
smtp.insertfotoevideo.com.br:587,contato@insertfotoevideo.com.br,judipaulaj1011200
smtp.rushmore.com:587,mudrat26@rushmore.com,nightangel
smtp.numail.org:587,earcher@numail.org,090340
cressy27.com:587,seb@cressy27.com,harley27
smtp.hrbeu.edu.cn:465(SSL),zhaotianyu0908@hrbeu.edu.cn,646289zty
smtp.jp.bigplanet.com:587,moonlit@jp.bigplanet.com,muneyuki770207
smtp.pierozulli.it:587,info@pierozulli.it,pieroilgrande
smtp.iowatelecom.net:587,calvinbandstra@iowatelecom.net,dutchie
smtp.yachtsone.com:587,jc@yachtsone.com,Hardact1!
smtp.manx.net:587,tonyhulse@manx.net,marton
poczta.internetdsl.pl:587,adoloran.apteka@poczta.internetdsl.pl,adoloran
smtp.operabeach.com:587,comunicazione@operabeach.com,davide08
smtp.grantspass.com:587,dhankins@grantspass.com,roger4me
mail.nyberg.com:587,rainer@nyberg.com,9000turbo
mail.pediatricareassociates.com:587,lindab@pediatricareassociates.com,Peds2020!
smtp.citiz.net:587,mygrape@citiz.net,t8t81337
smtp.vip.sina.com:587,azstana@vip.sina.com,mm701010
smtp.mauilandscaping.biz:587,damowaman@mauilandscaping.biz,butterfly
smtp.cittadinanzattivapiemonte.org:587,tdm@cittadinanzattivapiemonte.org,sedetorino
smtp.cgngamesbh.com.br:587,vendas@cgngamesbh.com.br,197600bh
frankhart.com:587,angel@frankhart.com,7734Grey
mail.mccaughey.com:587,marc@mccaughey.com,marcmm89
mail.telecable.es:587,evacarmenag@telecable.es,pumuca
wishalma.com:587,alma@wishalma.com,true917917
smtp.dummah.com.br:587,hiromi@dummah.com.br,a1s2d3f4
mail.fctvplus.net:587,shld@fctvplus.net,94916161
smtp.silkcotextil.com.br:587,jacqueline@silkcotextil.com.br,midiograf2
smtp.vapinet.com:587,pierluca_valente@vapinet.com,vlnplc72
smtp.mykoala.fr:587,maurice@mykoala.fr,Ceyreste13
smtp.sina.com.cn:587,yingzi5537_cn@sina.com.cn,6312848
smtp.davidbowie.com:587,dlkm@davidbowie.com,darcy
mail.marilynnsemonick.com:587,marilynn@marilynnsemonick.com,ms022652
mail.germanynet.de:587,f.schulz@germanynet.de,laurin
mail.barnard.net:587,jeff@barnard.net,delbert
smtp.hughes.net:587,recesa@hughes.net,12021967
smtp.charter.net:587,markainsworth@charter.net,330dancer
smtp.188.com:587,18858101010@188.com,coffee188
mail.waitrose.com:587,harrisonpa@waitrose.com,Bertie10
smtp.ecostore.eu:587,serena.cavallari@ecostore.eu,ser31ca87ri
smtp.tele2.nl:587,williekazemier@tele2.nl,geengeen11
t.pl:587,ldz33@t.pl,zaq12wsx
smtp.embarqmail.com:587,murielandlew@embarqmail.com,Beulah06
smtp.catss.fr:587,info@catss.fr,paola1970
mail.losalamos.com:587,4birds@losalamos.com,Promise2
smtp.fullycommittedministries.com:587,eldernattalie@fullycommittedministries.com,Willicia42
mail.cablerocket.com:587,srahlfs@cablerocket.com,mikesgirl1
sipnet.ru:587,mocrac@sipnet.ru,mocrac
mail.saulnier.com:587,hannah@saulnier.com,swimming11
smtp.tyxn.com:465(SSL),sales813@tyxn.com,linp27811881
smtp.est.oabsp.org.br:587,vivianesilva@est.oabsp.org.br,230544
vfemail.net:587,p837fp9m1@vfemail.net,5982np7gsT4G
danielf.ca:587,daniel@danielf.ca,Augu2011!
smtp.vaxxine.com:587,afrost@vaxxine.com,bronko0145
smtp.parro.com.br:587,claudinei@parro.com.br,italia259
smtp.zepta.it:587,mz@zepta.it,pass1234
smtp.airlogic.net:587,jfbugs@airlogic.net,ptrblt83
dream.bbexcite.jp:587,maehara@dream.bbexcite.jp,kin29man
smtp.nashcode.it:587,info@nashcode.it,00infoNASH_0
smtp.op.pl:587,zanita@op.pl,koliber8
smtp.mwt.net:587,camathews@mwt.net,04197469
smtp.galileoeventi.it:587,info1@galileoeventi.it,V.d031179
fukurou-company.com:587,matsuoka@fukurou-company.com,Matsuoka1028
smtp.maxxsouth.net:587,douglas96@maxxsouth.net,vhs2015
smikey.de:465(SSL),sven@smikey.de,k0sm0naut
smtp.remmedicalsystems.com:587,rdeamicis@remmedicalsystems.com,aderizzo
smtp.digis.net:587,whitneywoerner@digis.net,3Pitbullmama!
mail.eatel.net:587,tgranger3@eatel.net,Reno8521
smtp.rodriguesneto.com.br:587,rodriguesneto08@rodriguesneto.com.br,arnaldo04
mail.gentile.com:587,mark@gentile.com,Mtg3319603
smtp.dsl-ok.com:587,ppi@dsl-ok.com,Manditory1
smtp.thepillowshop.cz:587,shop@thepillowshop.cz,oliver
mail.ru66.ru:587,neva@ru66.ru,2670884
smtp.vivointernetdiscada.com.br:587,edsonfraga@vivointernetdiscada.com.br,la157m3
smtp.topskyic.com.cn:465(SSL),sales@topskyic.com.cn,xyy1234
mail.ludwig.com:587,erin@ludwig.com,pink3
smtp.lebhar.fr:587,bisiaux@lebhar.fr,vbisiaux
smtp.eplus.net:587,caninefostermom@eplus.net,dreamer1259
smtp.arunkeshavan.com:587,ayesha@arunkeshavan.com,Akhan
mail.lonergan.com:587,michelle@lonergan.com,m02261958
smtp.triwest.net:587,msluga@triwest.net,Bohunter10
clovermail.net:587,aan@clovermail.net,811733
smtp.cty-net.com:587,kazu0926@cty-net.com,63382555
mail.kortmann.net:587,kobus@kortmann.net,K0bepak0
smtp.sohu.net:465(SSL),charly51@sohu.net,201101
smtp.airmail.net:587,devries1@airmail.net,Goblue58!
smtp.comune.accadia.fg.it:587,it@comune.accadia.fg.it,cw02mstx437l
2lsengenharia.com.br:587,contato@2lsengenharia.com.br,lshd1010
smtp.executivecorpus.com:587,ravi@executivecorpus.com,nandu123
smtp.buckeyexpress.com:587,hollywood2007@buckeyexpress.com,harley07
smtp.digisurf.com.au:587,gonzalez@digisurf.com.au,flower
smtp.homesc.com:587,justme1965@homesc.com,olivia01
smtp.bmail.com.au:587,jayz@bmail.com.au,jamie
smtp.tulsacoxmail.com:587,danny.crutac@tulsacoxmail.com,1Vor9Tex1
smtp.ceoexpress.com:587,djacobs@ceoexpress.com,William1!
mail.watvc.com:587,cstevens@watvc.com,will1234
federacionnet.com.ar:587,benitezjuancruz@federacionnet.com.ar,juanchicu
smtp.olirum.com.br:587,bernardo.dark@olirum.com.br,galo1971
smtp.assisiantiquariato.it:587,ufficiostampa@assisiantiquariato.it,samuele2012
smtp.lawandmoore.com:587,alma@lawandmoore.com,Welcome1
smtp.chase3000.com:587,dcsgthompson@chase3000.com,CCXXIII
smtp.heritagewifi.com:587,swing@heritagewifi.com,Sw1ng4840!
mail.telfer.com:587,mary@telfer.com,gidget
thesmartguides.com:587,frank.curtin@thesmartguides.com,Osumba98!
smtp.emirates.net.ae:465(SSL),tasweeq@emirates.net.ae,0505155575
smtp.nwafu.edu.cn:587,2014070082@nwafu.edu.cn,redapple422766
smtp.marielaurent.com:587,info@marielaurent.com,abc123
smtp.prontocor.com.br:587,emourao@prontocor.com.br,emourao1414
smtp.nifty.ne.jp:587,vyr00553@nifty.ne.jp,skon1970
smtp.polyxonic.cz:587,alina@polyxonic.cz,alinka407
mail.field.org:587,catherine@field.org,lovesong
net.com,we2rblessed
smtp.inmail.sk:587,borza@inmail.sk,antiantifa
smtp.raphtime.com:465(SSL),henry@raphtime.com,qazxswedC321
mail.jrpqualityservices.co.uk:587,john.phillips@jrpqualityservices.co.uk,Johnnie1
smtp.gol.com:587,miyamo@gol.com,49ers16
smtp.accesstoledo.com:587,mzblu@accesstoledo.com,march747
godwinsremovals.co.uk:587,info@godwinsremovals.co.uk,piffy040201
smtp.msaps.in:587,ceo@msaps.in,kishu2286
shiatsu-bruxelles.be:587,info@shiatsu-bruxelles.be,mandarin
smtp.salemspose.it:587,alfonso@salemspose.it,giordano
mail.michel.com:587,lu7@michel.com,chataigne
on-theweb.com:587,lizjones@on-theweb.com,riot1978
smtp.cogeogr.com:587,a.filippini@cogeogr.com,00970aoa
smtp.toctoctocquiestla.fr:587,contact@toctoctocquiestla.fr,qsdfghmlkj
smtp.bighost.com.br:587,scheel@bighost.com.br,clauju
smtp.royalhaskoningchina.com:465(SSL),b.yu@royalhaskoningchina.com,bean2601
mail.questsolucoes.com.br:465(SSL),apoio2@questsolucoes.com.br,Paula200279
bitex.bg:465(SSL),marin_terziev@bitex.bg,armagedon
theroofreplacementpros.com:587,frederick@theroofreplacementpros.com,Sp33d99!
smtp.cario.fr:587,jpvmartinod@cario.fr,12992
smtp.tondointeractive.com:587,chantfranceitalia@tondointeractive.com,mai2008
mail.copper.net:587,elj@copper.net,susanna
smtp.kandmtech.com:587,jkelley@kandmtech.com,New898912
mail.prievidzanet.sk:587,jozy@prievidzanet.sk,sonicka11
crbmw.com:587,website@crbmw.com,website
smtp.rsnweb.ch:587,v.ronner@rsnweb.ch,a290973B
smtp.grandtec.com.br:587,mec6@grandtec.com.br,grandtec1588
beastie.sk:587,kracken@beastie.sk,dusinka
smtp.tecnoplusambiental.com.br:587,micheline@tecnoplusambiental.com.br,vercoliva
smtp.gatewaylocks.co.uk:587,info@gatewaylocks.co.uk,gatew99!
princegroup.jp:587,3020031@princegroup.jp,k-clublee
smtp.chartermi.net:587,backwoods@chartermi.net,Frankpat1
tomahops.com.br:587,william@tomahops.com.br,c7j6s481
smtp.enternet.hu:587,aldona@enternet.hu,fandras
mail.wi-net.com:587,mosowski@wi-net.com,stevie
smtp.lbautotrasporti.it:587,antonio.lubrano@lbautotrasporti.it,volvo480
smtp.consorziohdl.it:587,paoloraccardi@consorziohdl.it,raccard1
smtp.complexusbtp.com:587,info@complexusbtp.com,tisserensemble
smtp.vodafonemail.de:465(SSL),ludaidima@vodafonemail.de,Lisaholl!1
urussangafm.com.br:587,klaus.carioni@urussangafm.com.br,123456789
smtp.homemail.com.au:587,ba000@homemail.com.au,leeton
jackalcreative.co.uk:587,hello@jackalcreative.co.uk,Funkym0nke
smtp.bbdestinazioneroma.com:587,info@bbdestinazioneroma.com,bebetiamo2014
smtp.dfwair.net:587,lauras@dfwair.net,camtay
smtp.centurytel.net:587,tbargar@centurytel.net,spencer
smtp.grantsburgtelcom.net:587,suziretz@grantsburgtelcom.net,hanna2
smtp.deuxpoissons.com:587,2f@deuxpoissons.com,Chama75
bestbuybrewingequipment.com:587,robert@bestbuybrewingequipment.com,Robert2017
smtp.scuoladivinoamore.it:587,webmaster@scuoladivinoamore.it,farewell
smtp.on-digital.com:587,jeffjohnston@on-digital.com,Taurus-28
smtp.urgh.com.br:587,akio@urgh.com.br,jk630606
smtp.epix.net:587,mrakus@epix.net,mtairy00
dtptranslation.com:587,info@dtptranslation.com,duy53p94256
alm.no:587,henriette@alm.no,Grolle000000000
smtp.vyfotme.cz:587,info@vyfotme.cz,spider76
smtp.photoru.ru:587,sos@photoru.ru,245Smirn
smtp.tenebres.eu:587,flo@tenebres.eu,artaban
mail.celerisworks.com:587,cristiano@celerisworks.com,abc123456
smtp.fastwebnet.it:587,mila.fox@fastwebnet.it,Helsinki1
autumn.com.br:587,rainner@autumn.com.br,tonight10
mail.comunicatii.gov.ro:465(SSL),mircea.stana@comunicatii.gov.ro,ohookcY7LABPH_3
mail.delgado.com:587,santos@delgado.com,kazan
webmail.bendbroadband.com:587,laureng@bendbroadband.com,armyangel1
mail.cty-net.ne.jp:587,hanaoka@cty-net.ne.jp,87311183akoanahHANAOKA
smtp.knology.net:587,toni@knology.net,hooptycleo2
smtp.nadirmusic.net:587,trevor@nadirmusic.net,sadist2
mail.lamoureux.com:587,danielle@lamoureux.com,pinkys12
smtp.quicknet.nl:587,chrisenconnie@quicknet.nl,chica14A
mb.infoweb.ne.jp:587,fwkb9676@mb.infoweb.ne.jp,FUKU0001
mail.wyan.org:587,kanani@wyan.org,claudia1
mail.entouch.net:587,chevalier@entouch.net,Louis111
smtp.vetorial.net:587,djali36@vetorial.net,andorinha
mail.oceanslice.com:587,collin@oceanslice.com,nscb0328
smtp.casema.nl:587,oosterkamp@casema.nl,Simone1997
utms.cc:587,70655@utms.cc,Utmscc123
smtp.photopotes.com:587,contact@photopotes.com,canon400
smtp.andriellomotori.it:587,info@andriellomotori.it,AndriMoto28
unlstudent.com:587,han052999@unlstudent.com,Ed052999
akprincenhage.nl:587,ma@akprincenhage.nl,volvoxc90
m2.cty-net.ne.jp:587,sdpochi@m2.cty-net.ne.jp,downtown3
smtp.northlc.com:587,elephantlakelodge@northlc.com,carla
mail.wildbluecoop.com:587,dpaulson@wildbluecoop.com,casey123
aoichi-office.com:587,kentaro.muto@aoichi-office.com,kentaro123
mail.ecowoman.com:587,dee@ecowoman.com,Tahiti88
motoroshorda.hu:587,info@motoroshorda.hu,biker666
smtp.asa.adv.br:587,felipperj@asa.adv.br,gato1802
smtp.itelsa.net:587,annie@itelsa.net,Bandit1238
smtp.csie.nctu.edu.tw:465(SSL),wchsieh@csie.nctu.edu.tw,aligado1111
smtp.osb.org.br:587,domgregorio@osb.org.br,salete11
mail.fullchannel.net:587,saral@fullchannel.net,buck1983
smtp.mobiletel.com:587,corah@mobiletel.com,Bulldog70345
smtp.cpsarg.com:587,rtorres@cpsarg.com,onvein
smtp.cwjt.com:465(SSL),cwdw@cwjt.com,cwcwcw
smtp.teleport.ch:587,ermeli@teleport.ch,-amores-
mail.lemmons.com:587,leann@lemmons.com,cslsour
pwhome.com:587,goosejazz@pwhome.com,coltrane
smtp.fedula.it:587,cesira@fedula.it,cesira
premierpkging.com:587,rwilliams@premierpkging.com,Password1
smtp.grapevine.com.au:587,lizvoysey@grapevine.com.au,james123
anntwins.com:587,twinsweb@anntwins.com,akoako19852
mail.ebasms.com:587,info@ebasms.com,162316
mail.mssblue.net:587,thekeltons@mssblue.net,kerrigan
smtp.heartofiowa.net:587,cindisue@heartofiowa.net,seil8715
wyoming.com:587,stacy_wiese@wyoming.com,Goodno64!
smtp.vektor.net:465(SSL),vladana87@vektor.net,11275
smtp.perlabianca.it:587,nonnabianca@perlabianca.it,eduardo
smtp.perrin.mobi:587,robinson@perrin.mobi,robin2005
smtp.baptistemichel.net:587,contact@baptistemichel.net,16091609
smtp.archme.it:587,carlacontiguglia@archme.it,medeagatta83
smtp.isbeconsulting.com:587,digirolamoroberta@isbeconsulting.com,140843
smtp.dejazzd.com:587,cleokolp@dejazzd.com,101062Ge
smtp.gliscoiattoli.com:587,emiliano@gliscoiattoli.com,milano
japda.net:587,info@japda.net,hshinmomo
mail.mcecwb.net:587,liz@mcecwb.net,animals
smtp.onoda.ne.jp:587,hisashi@onoda.ne.jp,Ei3odhj4
smtp.onet.pl:587,damiangrzegorzek@onet.pl,damiano882
ibemanuel.org.br:587,pag_colonia@ibemanuel.org.br,Iw1010Colonia
mail.butterweck.com:587,andreas@butterweck.com,apiffany
smtp.petitlutinvert.com:587,contact@petitlutinvert.com,Case5130
mail.gabel.com:587,stella@gabel.com,Fr1dayz21!
smtp.matrix.odessa.ua:587,yanatr@matrix.odessa.ua,7121115c
mail.weiss.net:587,juli@weiss.net,drowssap
smtp.c-prima.com:587,jaime@c-prima.com,yedo6458
smtp.annielaffin.com:587,annie@annielaffin.com,iocomm
mail.mbox.com.au:587,thea_white@mbox.com.au,unmack32
mail.kajetan.nu:587,kajetan@kajetan.nu,Natejak!
mail.ukeecable.net:587,lidia@ukeecable.net,polipoli
mail.isleofman.com:587,johnriley@isleofman.com,Alberta13
smtp.wellcareizu.jp:587,sakata@wellcareizu.jp,Manabu0913
mail.htva.net:587,bishop@htva.net,flash123
smtp.salweb.it:587,dottorizzo@salweb.it,27676f
mail.moxley.com:587,angel@moxley.com,mustang1
mail.columbiaenergyllc.com:587,tyler@columbiaenergyllc.com,tyler
smtp.shu.edu.cn:465(SSL),zhiguowang@shu.edu.cn,13368686
smtp.q.com:587,allterainmom@q.com,Poohbear1
mail.pan-invest.com:587,vitalyk@pan-invest.com,555777
smtp.tdmimmobiliare.com:587,info@tdmimmobiliare.com,domenica71
smtp.fmmu.edu.cn:465(SSL),subpop@fmmu.edu.cn,417517
smtp.oro-net.it:587,alberto@oro-net.it,17giallo
m4.cty-net.ne.jp:587,nx-74205@m4.cty-net.ne.jp,ncc7465611nx74205nx-74ncc
smtp.assocral.org:587,marco.pani@assocral.org,AssoSky7
smtp.moliselavoro.it:587,libertucci2@moliselavoro.it,icom7300
mail.davies.net:587,christian@davies.net,i2b8m6
smtp.gallosound.com.br:587,alex@gallosound.com.br,ax340561
solitude.me:587,thais@solitude.me,caramel
smtp.cowisp.net:587,llacoustical@cowisp.net,fr3dkar3n
bristolexports.com:587,alliefajr@bristolexports.com,arniedon2013
smtp.thebranch.it:587,rannimatteo@thebranch.it,valeematta4.7.09
mail.carbonpower.net:587,concreteguy@carbonpower.net,Wheelhole
smtp.deltagel.fr:587,postmaster@deltagel.fr,acadie
smtp.c-com-ca.info:587,contact@c-com-ca.info,523456
smtp.apexhi.net:587,admin@apexhi.net,alohanurse
usm.co.ke:587,jmungai@usm.co.ke,jamgai1977
mail.mckay.org:587,robert1@mckay.org,sterling
smtp.murom.net:587,panov@murom.net,MNhy763w
smtp.dcwisp.net:587,farawayfarm@dcwisp.net,bl00m00n
mail.turbousa.com:587,roy55@turbousa.com,peanut1
smtp.abruzzonews24.it:587,gilbertodinicola@abruzzonews24.it,280880
mail.jerrim.co.uk:587,gerry@jerrim.co.uk,ek0n0m1k
cmtechnologie.com:587,lance.cleeve@cmtechnologie.com,garage1
yoshimura888.com:587,yamamoto@yoshimura888.com,yoshimura888
smtp.ymmovie.cn:465(SSL),wq@ymmovie.cn,Dalian2017
smtp.granadeiro.com.br:587,joaootavio@granadeiro.com.br,ic27pu83x
smtp.astaritabazacas.com.br:587,arthur3@astaritabazacas.com.br,mfx2iacf
mail.biosapropel.by:587,postmaster@biosapropel.by,Kozlowskisapro1
mail.dsip.net:587,solaris@mail.dsip.net,19metra88
smtp.centramedia.net:587,msmgm@centramedia.net,goolie1
smtp.primvs.com.br:587,ricardo@primvs.com.br,Rica0207
mail.khn.ru:465(SSL),maletin@khn.ru,YYpjXpN0
smtp.studenti.polito.it:465(SSL),andre.dangelo@studenti.polito.it,Cassiel1978
smtp.khokhar.in:587,aman@khokhar.in,aman95
smtp.clerin.net:587,silvia@clerin.net,123456
smtp.uniserve.com:587,rmaclaren@uniserve.com,mAPMAN
smtp.qifanchina.com:465(SSL),qifan@qifanchina.com,135246
smtp.bicyclegarage.it:587,info@bicyclegarage.it,Bgarage190
potardesign.com:587,potar@potardesign.com,321BlastOff!
smtp.netins.net:587,frnkwods@netins.net,ppar3998
mail.heald.com:587,emma@heald.com,carrera
mail.soeder.com:587,tom@soeder.com,bigtom268
smtp.interbaun.com:587,scottmc@interbaun.com,PURPLe
smtp.xs4all.nl:587,squeeker@xs4all.nl,020681
mail.stkip-pgri-sumbar.ac.id:587,rahma@stkip-pgri-sumbar.ac.id,RAHMAWIRANITA
smtp.dellacasaventurelli.it:587,gabriele@dellacasaventurelli.it,yellowcard
smtp.djeuphonique.com:587,nikki@djeuphonique.com,deuxmark2
smtp.eim.ae:465(SSL),hasayed1@eim.ae,fatima95
smtp.guiafoodservice.com.br:587,contato@guiafoodservice.com.br,mel3343
smtp.iberosurgarxes.com:587,gerardolum@iberosurgarxes.com,pepe4star4
smtp.franceturismo.com.br:587,fernanda@franceturismo.com.br,fvorio
smtp.questcore.cn:465(SSL),bjianyu@questcore.cn,abcd6357
smtp.onet.eu:587,arek1979@onet.eu,Din12345
smtp.halouzka.cz:587,halouzka@halouzka.cz,Jirka123
mail.tha-clique.de:587,werewolf@tha-clique.de,nimju
smtp.eblcom.ch:587,baerenliestal@eblcom.ch,monaco
primon.com.br:587,guilherme@primon.com.br,12201516
smtp.t6b.com:587,samsam@t6b.com,bell89
smtp.tds.net:587,colejones@tds.net,Sail1234!
smtp.lockefordtravel.com:587,rick@lockefordtravel.com,Pelasck1
ctinteractivesolutions.com:465(SSL),trent@ctinteractivesolutions.com,natnuts33
mail.wfeca.net:587,rjpseal@wfeca.net,Jarhed68!
smtp.globalcorp.com.br:587,rmosca@globalcorp.com.br,rm170563
speedstar-inc.com:587,iwasawa@speedstar-inc.com,kazu1838
smtp.chapus.fr:587,denis@chapus.fr,leramuyo
mail.wb4me.com:587,bobbyenlow@wb4me.com,prissy
smtp.habitus.it:587,i.zaccaria@habitus.it,milanot
smtp.etecpa.com.br:587,rosangela@etecpa.com.br,getisi10
smtp.aruba.it:465(SSL),ferramentastratta@aruba.it,stratta123
mail.lanet.kiev.ua:465(SSL),fleg@lanet.kiev.ua,flegmat
rz.ru:587,mihaleva@rz.ru,bonovoice
autopaleast.com:587,takashi.y@autopaleast.com,taka0530O
smtp.rfburst.com:587,vickiehatch@rfburst.com,vickiehatch
mail.vhebron.net:465(SSL),epallisa@vhebron.net,vol90opo
mail.boettcher.com:587,chris@boettcher.com,88741cab
mail.claytonmail.com:587,james@claytonmail.com,james2001
smtp.nenu.edu.cn:587,wangm584@nenu.edu.cn,15948359908
ennustamine.com:587,info@ennustamine.com,Kasspino234
smtp.absamail.co.za:587,turkishdelight@absamail.co.za,12345
webenvloed.nl:587,sjoerd@webenvloed.nl,utrs8525
smtp.formiamtb.it:587,info@formiamtb.it,m1t2b3
smtp.kiwifam.net:587,jbldeerhaven@kiwifam.net,Ferret1
smtp.laitaitalia.it:587,mcalenzani@laitaitalia.it,Laita6094
smtp.csu.edu.cn:465(SSL),0145110303@csu.edu.cn,4667zhangling!
mail.cdcg-consultants.com:587,nboucher@cdcg-consultants.com,222nhb222
mail.chatmosscable.com:587,holley5@chatmosscable.com,rscs10433
mail.dortch.com:587,marlene@dortch.com,lfo2000
lavabit.com:587,amnesianac@lavabit.com,benjaminjune21998
smtp.deco-lumineuse.fr:587,contact@deco-lumineuse.fr,yeahbaby17
mail.wowway.com:587,cashelcordo@wowway.com,Malawi97
smtp.studiofanfulla.it:587,webmaster@studiofanfulla.it,solutions1986
mail.hepburn.com:587,david@hepburn.com,102662
smtp.naiot.com.br:587,midia@naiot.com.br,Naiot2016
smtp.bottonificiopastello.it:587,marco@bottonificiopastello.it,Alessandro09
smtp.digi-tek.it:587,support@digi-tek.it,rescigno50
smtp.selectedadv.it:587,d.danza@selectedadv.it,viatripoli5
morhy.com:587,rodrigo@morhy.com,R0dr1g02010
mail.jonesmail.net:587,ruby@jonesmail.net,farmrh99
smtp.drivehq.com:587,ikiru@drivehq.com,kanedich
smtp.wibox.fr:587,jousselin.simon@wibox.fr,10072002
entrepreneurscruise.com:587,events@entrepreneurscruise.com,search123
smtp.amu.edu.pl:587,ajozwiak@amu.edu.pl,damaszekk2017122002
mail.jjcoy.co.uk:587,joe@jjcoy.co.uk,william2304
smtp.prairieinet.net:587,simons@prairieinet.net,Taylor18!
smtp.3tool.co.jp:587,info@3tool.co.jp,3tool.co.jp
smtp.unfinishedthought.com:587,sales@unfinishedthought.com,867530969
mail.nelsonvilletv.com:587,pspatton@nelsonvilletv.com,Penup1447
smtp.pilote.pro:587,contact@pilote.pro,262727320
penguinphotographics.co.uk:587,info@penguinphotographics.co.uk,389pph0t!45
smtp.viscom.net:587,jaceyg@viscom.net,Sports11
smtp.ventsombre.net:587,earalia@ventsombre.net,152486
smtp.cgocable.ca:587,mboucher777@cgocable.ca,u107167
smtp.williamsmedia.it:587,assistenzapc@williamsmedia.it,99Fogazzaro
smtp.martuzzi.com:587,cecilia@martuzzi.com,cecilia0
smtp.ascensionseries.com:587,kurt_nielsen@ascensionseries.com,Liondogy1
smtp.phonetech.fr:587,fabien@phonetech.fr,stargate
whu.edu.cn:465(SSL),2010302330055@whu.edu.cn,xjj599063
smtp.secret1.com:587,worldroma@secret1.com,davide72
smtp.bdecopub.fr:587,bdecopub@bdecopub.fr,bdecopub
yturaldi.com:587,gameboy78@yturaldi.com,Gabriel2001
mail.notaryontime.com:587,nancymuro@notaryontime.com,michael1029
mail.sullivan.ms:587,beth@sullivan.ms,john1930
mail.pace.net:587,pace@pace.net,04detect
leadershiptype.com:587,ben@leadershiptype.com,Sail7245
mail.greenspeedisp.net:587,heidik@greenspeedisp.net,tuckylu
pureherbs.co.th:587,admin@pureherbs.co.th,212224236
mail.ezwebtech.com:587,bbubolz@ezwebtech.com,Butterfly1!
smtp.drivingcourses.co.uk:587,john@drivingcourses.co.uk,twiggy22
smtp.videotron.ca:587,joellaz@videotron.ca,jonahpaige1
smtp.dalaska.be:587,chef@dalaska.be,Bellini2008
smtp.infinitibologna.com:587,cinelli@infinitibologna.com,claudio69
smtp.laforzatile.com:587,sofia@laforzatile.com,Highonlife69
altinkilicismakinalari.com.tr:587,altinkilic@altinkilicismakinalari.com.tr,kgnkgn38083808
mail.ncbb.net:587,rdm14@ncbb.net,Soccer14!
mail.arredoperesterno.net:587,os@arredoperesterno.net,Penelope01
altaweb.online:587,melifen@altaweb.online,Pdecirco_1
smtp.netick.fr:587,contact@netick.fr,Poipoikl64
mail.oglesby.com:587,bo@oglesby.com,1013
smtp.relia.net:587,tgrdnr@relia.net,Sh0v3lhead!
mail.mailbox.as:587,sorsdal@mailbox.as,nokia01
mail.naturalrejuvenation.com:587,info@naturalrejuvenation.com,adriana
smtp.tokugawa.jp:587,tamitoo@tokugawa.jp,Tami3615
smtp.quixnet.net:587,lsporrer@quixnet.net,kleenex
smtp.servibrasseguros.com.br:587,diulhei@servibrasseguros.com.br,Diu2512
mail.what-wire.com:587,karategirl@what-wire.com,family
mail.lacharite.com:587,maurice@lacharite.com,Picture1
mail.brockwaytv.com:587,tecoder@brockwaytv.com,jeje0101
gdgbd.org:587,account@gdgbd.org,5881quartet
mail.foreman.org:587,linda@foreman.org,7Grandkids
plus-artworks.com:587,info@plus-artworks.com,plus0036
smtp.scut.edu.cn:465(SSL),auygpi@scut.edu.cn,Pyg53328
edofin.com:587,fg.strignano@edofin.com,francesco111
smtp.guidopolis.com:587,federico.angelini@guidopolis.com,Daneel81
feriadetulua.gov.co:587,mercadeo@feriadetulua.gov.co,burbuja2511
smtp.bobby-dirninger.com:587,management@bobby-dirninger.com,tchicago
satilikhesaplar.com:587,paypal@satilikhesaplar.com,furkantastaN1
smtp.eliorosato.com:587,pr@eliorosato.com,pinella
smtp.bonsvizinhos.com.br:587,anibal@bonsvizinhos.com.br,carro09
smtp.spoko.pl:587,arys1@spoko.pl,sloneczko5
coatesfamilytree.org:587,webmaster@coatesfamilytree.org,l1w190l
mail.layman.com:587,larry@layman.com,Shannon1
smtp.dietnet.com.br:587,william@dietnet.com.br,julinha01
smtp.intelliwave.com:587,sharonp@intelliwave.com,Kennedy12
smtp.keletnet.hu:587,cherryland@keletnet.hu,mexxx
knl.co.jp:587,kakenht@knl.co.jp,yakushi894
kerstradioonline.nl:587,info@kerstradioonline.nl,651023037ww
smtp.animonet.org:587,miyuki-a-2000@animonet.org,rx8823
tranix-design.de:587,webmaster@tranix-design.de,blabla
smtp.vastbb.net:587,brody@vastbb.net,oceancity7
smtp.ocochama.net:587,akiko@ocochama.net,akko1210
mzrta.ru:465(SSL),domvzc@mzrta.ru,stufani
smtp.akitasuwagu.jp:587,norihiro@akitasuwagu.jp,4012g100
smtp.itisrighi.fg.it:587,ifts@itisrighi.fg.it,pilota
smtp.studiomaurellatommasi.it:587,maurella@studiomaurellatommasi.it,Maraelino1
suzuki-seikei.tokyo:587,info@suzuki-seikei.tokyo,suzuki5678
mail.carlsen.nu:587,steffen@carlsen.nu,Tigerdyr-42
mail.cpcable.com:587,bartongrl1@cpcable.com,mcgruff
smtp.pantakin.it:587,info@pantakin.it,ptkptk
smtp.clinicadrmeyron.com:587,dr.eduardo@clinicadrmeyron.com,seriedade
smtp.imprunetarunning.it:587,luciano.divivona@imprunetarunning.it,Rebecca71
cachoepepe.com:587,info@cachoepepe.com,namaste19
do-firm.pl:587,pozycjoner2@do-firm.pl,acV0uP9K
smtp.nejlevnejsi-stavebniny.eu:465(SSL),lukas.jacko@nejlevnejsi-stavebniny.eu,12345
smtp.bigpond.com:587,dalpras@bigpond.com,Mikkik01
smtp.odcec.napoli.it:587,ncaprio@odcec.napoli.it,nunzio
smtp.ibara.ne.jp:587,purin-my@ibara.ne.jp,yus3s5ed
clubdamasperuanasdallas.com:587,secretaria@clubdamasperuanasdallas.com,Seclh0707
clevermapping.co.uk:587,sales@clevermapping.co.uk,B4til2hap!
smtp.netvigator.com:465(SSL),yausy@netvigator.com,tinyau22
mail.cpws.net:587,1mickey@cpws.net,storm531
smtp.lagoon.nc:587,pol.co@lagoon.nc,L.p-16
smtp.cheapnet.it:587,enzo.santoni@cheapnet.it,Bacon1955
smtp.zainiezoom.it:587,admin@zainiezoom.it,m267ak47
smtp.cabsas.it:587,info@cabsas.it,bruciatore
salescruise.co:587,events@salescruise.co,search123
smtp.alida.biz:587,broli@alida.biz,Gigione74
smtp.jeremyhaessig.com:587,info@jeremyhaessig.com,sxkn5000
smtp.nomasvello.it:587,maddaloni@nomasvello.it,connie60
mail.rlittlelaw.com:587,robert@rlittlelaw.com,Babylon5!
mail.donley.com:587,jrdonley@donley.com,burny7
smtp.mistiano.com:587,mauro@mistiano.com,Characato
smtp.foxcom.cz:587,tomas.liska@foxcom.cz,ufC34937
smtp.virgilio.it:587,correggioli_andrea@virgilio.it,uglyduckling
sprawnydom.pl:587,grzesiek@sprawnydom.pl,maluch
smtp.spori.is:587,ingo@spori.is,Garmin128
smtp.wp.pl:587,andrzej--33@wp.pl,Soltysiak2
smtp.chinesefoodinchilliwack.com:587,moonlily@chinesefoodinchilliwack.com,moonlily
martiniyachts.com.ar:587,info@martiniyachts.com.ar,tommy
smtp.novea.it:587,info@novea.it,novea2010
mail.haines.net:587,leigh@haines.net,richard
mail.wichitaonline.net:587,geisinger@wichitaonline.net,stalag13
smtp.arvig.net:587,frostys@arvig.net,Gregdawn1!
smtp.controbanco.com:587,benjamin2004@controbanco.com,vegeta
mail.twecwb.com:587,wmlhbeck@twecwb.com,hotshot1
smtp.olympuspss.com:587,ric.diaz@olympuspss.com,Ranger051
mail.essex1.com:587,larsonco@essex1.com,aallll
smtp.tvujsport.cz:587,sp@tvujsport.cz,stenly5851
te.net.ua:465(SSL),genl@te.net.ua,22011967
mail.estelnet.it:465(SSL),bello.roberto@estelnet.it,m.arina
derpymail.org:587,valiantbreeze@derpymail.org,dragonslayer1996
smtp.kalingacable.in:587,rishisethi@kalingacable.in,m9999578181
smtp.t6wireless.com:587,kurtt@t6wireless.com,skate6
mail.sosvintage.com:587,denise_smith@sosvintage.com,goopy1
mail.greig.com:587,carly@greig.com,ferret
mail.woodashlg.co.uk:587,margaretnw@woodashlg.co.uk,heidi
smtp.ic24.net:587,the.chaplins@ic24.net,membland
smtp.navix.net:587,homeinspector@navix.net,Zsx4ret
smtp.runester.com.br:587,negocio@runester.com.br,retsenur242
mail.bjmckenna-solicitors-stockport.co.uk:587,web@bjmckenna-solicitors-stockport.co.uk,bjmckenna
mail.stadler.com:587,micha@stadler.com,audray1996
mail.springer.net:587,marcena@springer.net,33feisty
smtp.juno.com:587,nawalda1@juno.com,reven
smtp.fusionelectrics.com:587,anolan@fusionelectrics.com,sc0res
smtp.tmbitalia.it:587,d.olivieri@tmbitalia.it,diego1984
smtp.netamumail.com:587,danm1@netamumail.com,Orion123
mail.pearlanddentalspa.com:587,gladis@pearlanddentalspa.com,castle67
smtp.sindicatopublico.com.br:587,fernando@sindicatopublico.com.br,ferpascussi
unenaka.com:587,mail9@unenaka.com,booboo0
apclutch.it:587,c.olmeda@apclutch.it,fantasma
smtp.mesanetworks.net:587,mixedemotion@mesanetworks.net,maaskgb
mail.oksatcom.it:465(SSL),footballstore@oksatcom.it,pretorio
smtp.manserlogisticsservices.it:587,manser@manserlogisticsservices.it,bfgd7680
mail.tulalipbroadband.net:587,swright@tulalipbroadband.net,bentin
mail.gann.com:587,jill@gann.com,London7
smtp.fondani.it:587,ortaggio@fondani.it,musica
croworld.org:587,tina@croworld.org,tavesta16
smtp.vespria.it:587,info@vespria.it,Pietra2016
smtp.pthomecare.com:587,dshaffer@pthomecare.com,Cheeko21!
mail.sucocoopwb.com:587,kegraver@sucocoopwb.com,kg3100
smtp.deigini.it:587,info@deigini.it,g6jGnIW98N_r64Gs
profitfox.co:587,christian@profitfox.co,Crist1025
mail.ecr.net:587,rlreeserealtygroup@ecr.net,RLDziCBw4V
mail.accesshsd.net:587,swami@accesshsd.net,rr6364
mail.kofs-daido.com:587,cdhan@kofs-daido.com,1030627
mail.mail2me.com.au:465(SSL),fantasia@mail2me.com.au,100653gh
mail.wispertel.net:587,lcadam@wispertel.net,misscat
superacaouniformes.com.br:587,contato@superacaouniformes.com.br,uniformes3021
smtp.argantia.it:587,iovia@argantia.it,242424
mail.adornphotography.net.au:587,info@adornphotography.net.au,adorn2008
mail.swoopfirstaid.com:587,dave@swoopfirstaid.com,wookie
smtp.buffus.it:587,alexa@buffus.it,scolta
smtp.westsystems.it:587,g.manfredini@westsystems.it,giulio6437
smtp.broadpark.no:587,liv-ann@broadpark.no,Dawada32
mail.pix.is:587,arnaldur@pix.is,Skuggi4455
mail.novotny.com:587,chad@novotny.com,meatbeat
mail.enetsupport.com:587,jduenges@enetsupport.com,Jakeman1
swibinfo.com:587,nada.d@swibinfo.com,nada2015
smtp.nantes.fr:587,k.renor@nantes.fr,mangroove
keymaninter.com:587,as@keymaninter.com,1234
smtp.samarskiy.com:587,info@samarskiy.com,rew1232008
mail.nicedoors.co.uk:587,info@nicedoors.co.uk,morgan00
mail.dickinson.tc:587,debbie@dickinson.tc,Rainbow
smtp.reco-vate.com:587,jeremy.broomes@reco-vate.com,Cameron2000
mail.morris.net:587,colin@morris.net,Arsenal
smtp.coopcos.it:587,a.isnardi@coopcos.it,ste91ma98
mail.caloltd.com:587,chris@caloltd.com,thomas00
smtp.contabilgestao.com.br:587,expediente@contabilgestao.com.br,gestaocontabil
mail.palaunet.com:465(SSL),kko@palaunet.com,2202004
mail.zebra-net.co.uk:587,jo@zebra-net.co.uk,noosa
smtp.mandarinmorning.com:465(SSL),study@mandarinmorning.com,Mm666666
smtp.sopris.net:587,chadunder@sopris.net,elimiku1
smtp.9business.fr:587,oze.kj@9business.fr,coiffure
mail.bravoetiket.com:587,kerem@bravoetiket.com,Aa0707199
smtp.sphe.com.br:587,sphe@sphe.com.br,sphe1853
softsquared.co.uk:587,ash@softsquared.co.uk,associ8s
smtp.mazzilli.org:587,flora@mazzilli.org,floch020301
qplan-ine.com:587,arben.memo@qplan-ine.com,Mearb2015
smtp.mor.nir.jp:587,k.m.sawa35th@mor.nir.jp,km720219
mail.jablonski.com:587,jim@jablonski.com,10071017
smtp.sh163.net:587,zhaokai77@sh163.net,hiyoko77
mail.clopton.com:587,zachary@clopton.com,zach5224
smtp.dozolion.com:465(SSL),toyo@dozolion.com,Dozolion2019
innovaddb.com:587,laureeta.agyekum@innovaddb.com,agyekum123
mail.waymire.com:587,jack@waymire.com,jcw2156
smtp.q4q5.it:587,ferdinando.cedrone@q4q5.it,Freddycedr3
smtp.rockcity.com.br:587,luiz@rockcity.com.br,luiz1020
smtp.totalserve.co.uk:587,stewart12@totalserve.co.uk,alsals
smtp.piasanet.com:587,nick330@piasanet.com,6574lmn
smtp.csinkoopadviezen.nl:587,i.jonkman@csinkoopadviezen.nl,Appsin100
smtp.vielemedien.com:587,fabian@vielemedien.com,415588
smtp.volavenezia.com:587,desk@volavenezia.com,6030mN2942
smtp.galeriadeideiasonline.com.br:587,anacarolina@galeriadeideiasonline.com.br,lu080598
smtp.skincaretherapy.info:587,mamaloney@skincaretherapy.info,Mtrfs10!
smtp.flogoo.fr:587,redac@flogoo.fr,florian
petersmgmt.com:587,carol@petersmgmt.com,051963
mizutanidesign.com:587,info@mizutanidesign.com,gina5320
smtp.sigcn.com:465(SSL),fnie@sigcn.com,123456
spesalvi.pl:587,jakub@spesalvi.pl,Benedykt16
techspohouston.com:587,events@techspohouston.com,search123
smtp.roccoaprile.it:587,angelo@roccoaprile.it,080357
smtp.horizon-ergonomie.fr:587,benedicte.pichard@horizon-ergonomie.fr,bene1303!
kochinet.info:587,spread@kochinet.info,sh46494649
smtp.chd.edu.cn:587,201411020128@chd.edu.cn,19960310liuze
webmail.xsinet.co.za:587,jpkotze@xsinet.co.za,merino
smtp.contribuenti.it:587,progetti.lazio@contribuenti.it,lazio
smtp.autoscuolaghio.com:587,info@autoscuolaghio.com,masogich!
mail.yourprintedtshirt.com:587,orders@yourprintedtshirt.com,2Powerful
smtp.sanconinc.com:465(SSL),accounting@sanconinc.com,Abcd1234
smtp.mikros.it:587,gaia@mikros.it,Mastra18
smtp.globalremates.com:587,lucas@globalremates.com,Luly2001
smtp.mypbmail.com:587,larrymassey@mypbmail.com,keeper
smtp.eldridgeroofing.net:587,dagmar@eldridgeroofing.net,Blue123
mail.jfphonline.com:587,drbarnes@jfphonline.com,Charleigh1
smtp.yetis.ch:587,info@yetis.ch,net2fast
smtp.comlinkusa.net:587,recall@comlinkusa.net,asia32113
celest.co.th:587,chalita.j@celest.co.th,celestcm003
smtp.loretz.neostrada.pl:587,jola@loretz.neostrada.pl,jola12
smtp.informagare.it:587,amministrazione@informagare.it,aniele
mail.shorecycle.com:587,justin@shorecycle.com,shorecycle
smtp.hanajova.cz:587,katerina@hanajova.cz,igarka
smtp.qlr.com.cn:465(SSL),cyq@qlr.com.cn,10111011
mail.corporatesundae.co.uk:587,louise.schaffer@corporatesundae.co.uk,K1ll_B1ll
mail.sunshinecentral.org:587,kensun@sunshinecentral.org,Joetomkate
tmstimber.com:587,marketing@tmstimber.com,tmstimber99
smtp.plmw.com:587,jensen1080@plmw.com,tq4brdfy
smtp.aminbio.com:465(SSL),kris@aminbio.com,Aminbio8888
smtp.laffaille.net:587,thierry@laffaille.net,guinness
smtp.czok.neostrada.pl:587,leszek@czok.neostrada.pl,igor3535
smtp.inmail.cz:587,toni@inmail.cz,masinka
smtp.gazeta.pl:587,slawekww@gazeta.pl,Obrona1
smtp.ipl.com.br:587,zezinho@ipl.com.br,jiib99
smtp.estruturalrs.com.br:587,luiz.greghi@estruturalrs.com.br,l1u2i3rs
mail.lawtoninteriors.com:587,coreen@lawtoninteriors.com,derek99
mail.condon.net:587,science@condon.net,canoe872
shepleyyarns.com:587,roger@shepleyyarns.com,Diggle78910
smtp.brasilcapitaltec.com.br:587,ivan@brasilcapitaltec.com.br,5344333
mail.rentsolutions.com:587,allenl@rentsolutions.com,alusby5401
smtp.in-touch.net:587,backfarms@in-touch.net,ginger
mail.standefer.net:587,diane@standefer.net,garden
mail.wishcom.net:587,icedragon@wishcom.net,star69
smtp.allardycehealthcare.co.uk:587,steves@allardycehealthcare.co.uk,password!
mail.metrohouse.pl:587,awaz@metrohouse.pl,Angelika1994
smtp.bigsurfdigital.co.uk:587,clients@bigsurfdigital.co.uk,copper500
mail.morais.com:587,stephan@morais.com,surfar
smtp.8531.cn:465(SSL),zjwzfh@8531.cn,86512326
combatcreative.com:587,pw@combatcreative.com,gman0621
smtp.criandostudio.com.br:587,criando@criandostudio.com.br,br0302br
smtp.kourtrajme.com:587,toumani@kourtrajme.com,69members
twobluedesign.com:587,jess@twobluedesign.com,violet900
h-junjun.com:587,ake_h@h-junjun.com,junjun3628
mail.ringuette4cites.com:587,horaire@ringuette4cites.com,1544NaSa4Cites
mail.noto.com:587,barbara@noto.com,flanoto
smtp.newtopchina.com:465(SSL),showkot@newtopchina.com,01710973246
smtp.chrissmithsongs.com:587,chris.smith@chrissmithsongs.com,chri6670
mail.francis.com:587,rowland@francis.com,pdotmf40
mail.vacantartists.com:587,stefan@vacantartists.com,hongkong
smtp.campuslibreria.it:587,ordini@campuslibreria.it,Alesandro2
mail.damato.com:587,peter@damato.com,gregg123
smtp.ledriadi.it:587,info@ledriadi.it,MichePompea987!
mail.poncacity.net:587,gaccw@poncacity.net,Thing123
smtp.jubii.dk:587,majawholm@jubii.dk,linearune
smtp.pdq.net:587,tidwell@pdq.net,Meagape1!
smtp.tgs.com.br:587,jv@tgs.com.br,jonny360
mail.directv.net:587,morseranch1@directv.net,honey123
mail.betterhomesus.com:587,kmonahan@betterhomesus.com,ak4872
smtp.spolehlivyuklid.cz:587,info@spolehlivyuklid.cz,Spravce_73
smtp.riogrande-rs.com.br:587,humberto@riogrande-rs.com.br,noway02
smtp.aloha.net:587,leeg427@aloha.net,bug1bug
mail.brunnlok.is:587,magnus@brunnlok.is,hradastadir
thehometownshopper.com:587,webmaster@thehometownshopper.com,polar1
mohpuntland.com:587,central.hmis@mohpuntland.com,central123
mail.lodiclaudio.com:465(SSL),lodilorenzo@lodiclaudio.com,lollo
mail.damico.net:587,john@damico.net,lugosi
mail.jms.net.au:587,tracey@jms.net.au,Dragon347
smtp.dybb.com:587,snaylor@dybb.com,gumballs212
mail.excise.go.th:465(SSL),panisara@excise.go.th,kalahom
lacasadelaro.com.ar:587,lucascansino@lacasadelaro.com.ar,LACASAdelaro1
smtp.studiotecnicomartini.it:587,info@studiotecnicomartini.it,Giambu1994
smtp.komer.net:587,rick@komer.net,mxyzptlk
smtp.prenatt.net:587,chris@prenatt.net,Buffalo6
paradigmatrix.com:587,geral@paradigmatrix.com,oartaldos1ert1
smtp.mldisplay.com.br:587,marialuiza@mldisplay.com.br,3197097
mail.fuhrmanconstruction.com:587,zach@fuhrmanconstruction.com,tristan1
smartsat.com.br:587,antoniojorge@smartsat.com.br,bolsista
c2mail.eu:587,bz@c2mail.eu,333333
smtp.utensili.com.br:587,ramon.nicolas@utensili.com.br,sanchez2607
smtp.xeffe.it:587,alexandru.grigoras@xeffe.it,2hot4you
mail.z-net.hu:587,huszika@z-net.hu,asusp535
mail.work.vpweb.com:587,work@work.vpweb.com,hatred
stefanellos.com:587,laptop@stefanellos.com,Brooklyn69
smtp.charlottegonzales.com:587,contact@charlottegonzales.com,choco1301
smtp.olympiqueostuni.it:587,marketing@olympiqueostuni.it,nicole99
mail.osterbo.com:587,op@osterbo.com,Selma001
mail.tcmc-dkm.com:587,documents@tcmc-dkm.com,tcmc123
mail.cabral.com:587,manuel@cabral.com,notebook
smtp.denoyer.eu:587,rdenoyer@denoyer.eu,s08c02am
mail-on.us:587,steindl@mail-on.us,hugo123
mail.hjphoto.co.uk:587,huw@hjphoto.co.uk,dunster
mail.bombshellstamps.com:587,info@bombshellstamps.com,midian
smtp.citycable.ch:587,musicmanagement@citycable.ch,fabien301090
smtp.gestalt-brucker.fr:587,contact@gestalt-brucker.fr,parcking
mail.stickney.com:587,dayra@stickney.com,aruba
smtp.dzctech.com:587,caozhejun@dzctech.com,1234.abcd
smtp.vip.onet.pl:587,ania.szeliga@vip.onet.pl,sdfsdf123
mail.provide.net:587,ceschelbach@provide.net,muggsy
mail.willbuilds.com:587,will@willbuilds.com,will555719219
cofamex.be:587,ag@cofamex.be,arthur0411
smtp.jlnu.edu.cn:587,wangchunxu@jlnu.edu.cn,haidai140523
mail.hcoin.co.za:587,herve@hcoin.co.za,1990germima2002
scubysubs.com:587,nancy@scubysubs.com,mandy1
smtp.mctconsult.com.br:587,rosangela@mctconsult.com.br,rp626462
simasang.ir:587,svrezaei@simasang.ir,Vahid1372
smtp.altorricon.com:465(SSL),asubirada@altorricon.com,jagahoy0
smtp.harborside.com:587,jwathen@harborside.com,jaydu07
mail.dennard.com:587,ken@dennard.com,bigdog33
mail.krogh.as:587,a@krogh.as,magnus
mail.howardelectricwb.com:587,twilcoxson@howardelectricwb.com,edwards99
mail.ringstad.as:587,eskil@ringstad.as,vivitar
sky.bbexcite.jp:587,ethizen@sky.bbexcite.jp,asahara45
smtp.opchawaii.com:587,maryjane@opchawaii.com,mbpuya1
webmailcanada.ca:587,enermodal@webmailcanada.ca,enermodal2013
smtp.hyperoceanic.com:587,mark.smith@hyperoceanic.com,hg66dms
smtp.chinamultiservice.com:587,pietro.barucca@chinamultiservice.com,rivolta
mail.clicklogicinc.com:587,todd@clicklogicinc.com,Spirit103
mail.eurosoba.com:587,simonhall@eurosoba.com,KK4F3.XEs
smtp.be4web.com:587,bgouthiere@be4web.com,zkdp7irp
smtp.bulka.ch:587,pablo@bulka.ch,p232691
mail.isholf.is:587,burns@isholf.is,bassoe
smtp.kaycee.net:587,clascomp@kaycee.net,mickey
smtp.ondanews.it:587,redazione2@ondanews.it,antonio83
smtp.engemolde.com.br:587,wilson@engemolde.com.br,1980
smtp.10moons.com:465(SSL),dyy@10moons.com,Luck5458
smtp.dealon.fr:587,camille.fagart@dealon.fr,09011986cf
mail.chefjenswitzer.com:587,chef@chefjenswitzer.com,megan62391
mail.correa.net:587,antonio@correa.net,Getulina
thehatfields.com:587,ryan@thehatfields.com,ryry1993
smtp.acqiofranchising.com.br:587,mg.unai2@acqiofranchising.com.br,K3k8i6n8
smtp.petrogol.com.br:587,guilherme.cruz@petrogol.com.br,gsc540707
smtp.rohgcon.com.br:587,eunice.pereira@rohgcon.com.br,212121
smtp.utni.fr:587,jordan@utni.fr,Desirade1994
mail.tasmanianbar.com.au:587,philip.jackson@tasmanianbar.com.au,carrera
smtp.sunnet.com.ua:465(SSL),danil@sunnet.com.ua,delqwedel
mail.fredrickson.com:587,derek@fredrickson.com,Blizzard88
smtp.digitalglobe.it:587,emanuelagalli@digitalglobe.it,masada
smtp.hpm.ch:587,pmhouriet@hpm.ch,pimhou
smtp.hotel-olimpia.it:587,riservazioni@hotel-olimpia.it,india1953
mail.nemitz.co.uk:587,gerard@nemitz.co.uk,cleo2002
mail.georgiamarsh.co.uk:587,georgia@georgiamarsh.co.uk,claraellen23
atlantafresh.com:587,ron@atlantafresh.com,Yogurt44!
smtp.spectra.org.uk:587,denise.boaden@spectra.org.uk,denise862
smtp.menchinidesign.com:587,lorenzo@menchinidesign.com,lorenzo02
mail.hord.com:587,steve@hord.com,5vivuda5
mail.d8ums.com:587,julia@d8ums.com,bigmamma
smtp.monchus.com:587,yo@monchus.com,Xota1991
mail.broadley.net:587,catherine@broadley.net,rob575
smtp.rpassosrj.com.br:587,luciano.junior@rpassosrj.com.br,killer157
smtp.alfaaprilia.org:587,m.mechini@alfaaprilia.org,twinrack
smtp.krttpl.com:587,rishik@krttpl.com,shiba2304
metinevolution.com:587,yoshimitsu@metinevolution.com,mjcf100666
mail.lilley.com:587,terrie@lilley.com,mufasa
mail.tosh.org:587,tosh@tosh.org,changeme2
ivanlima.com:587,teste@ivanlima.com,tv5f65
mail.greenvillefamilydentistrytx.com:587,dr.christophere@greenvillefamilydentistrytx.com,drchris1786
smtp.whattheysay.ru:587,choose@whattheysay.ru,f0rwardgrpcorp
acochain.ir:587,info@acochain.ir,0XCKpFCR
smtp.mageos.com:587,j.boulch@mageos.com,tahiti
mail.shreesteelsolutions.com:587,marketing@shreesteelsolutions.com,sss777
smtp.iseconsulting.it:587,prusso@iseconsulting.it,pasquale
thermal.cl:587,bclaret@thermal.cl,6c14r3T70
smtp.vina-mortgage.com:587,tahn.ha@vina-mortgage.com,winter
mail.carboncookie.com:587,caroline@carboncookie.com,dancecandy
mail.ssrinter.com:587,suchada@ssrinter.com,123456789
smtp.powwwer.net:587,michelle67@powwwer.net,bigjohn
sfhcr.com:587,mds@sfhcr.com,Password1
smtp.scarton.com.br:587,sarah@scarton.com.br,sarah05
mail.coveruplinen.com.au:587,info@coveruplinen.com.au,coverup1
any-mail.co.uk:587,art19@any-mail.co.uk,kiricova
mail.diverdedental.net:587,social@diverdedental.net,off1dental
mail.studio88polefitness.net:587,theoffice@studio88polefitness.net,patricia3
smtp.robertoprando.it:587,roberto@robertoprando.it,17101965Rp
smtp.audizioni.it:587,info@audizioni.it,g21a06mmg19
hornystart.nl:587,contact@hornystart.nl,donvisser32
smtp.excelformas.com.br:587,camila.oliveira@excelformas.com.br,Ex295301
mail.ckaramihos.com:587,christopher@ckaramihos.com,cka05ADM1n
smtp.loveeternal.org:587,zionrain@loveeternal.org,anonymous
mail.optonline.net:587,kaylamone26@optonline.net,brandy123
mail.smbuildingcontractors.co.uk:587,ross@smbuildingcontractors.co.uk,dfv989Seq
smtp.grupopessin.com.br:587,fabio@grupopessin.com.br,asafepedro
smtp.studiocortez.com.br:587,victor@studiocortez.com.br,victor2309
mail.wideband.net.au:587,jenjen55@wideband.net.au,mother55
etbkoorn.nl:587,info@etbkoorn.nl,monument29
smtp.rvtc.net:587,nnamdahc@rvtc.net,2003Harley
smtp.nogueira.srv.br:587,flavia@nogueira.srv.br,jj908300
smtp.cnlart.fr:587,contact@cnlart.fr,creanouvlu10
smtp.mariannazocca.com:587,hellozuc@mariannazocca.com,gratitudine
barid.com:465(SSL),barad25@barid.com,11mm22mm
mail.iwatak.com:587,biz@iwatak.com,shoko181301
smtp.agenzia1.it:587,silviaparvopassu@agenzia1.it,Agenzia12014
smtp.fpgroup.cloud:587,filippo@fpgroup.cloud,Emanfil14!
smtp.mailsatcom.it:465(SSL),davidebertoni@mailsatcom.it,davide87
smtp.aluminun.com.br:587,rose@aluminun.com.br,aluminun21
smtp.chillipub.sk:587,chillipub@chillipub.sk,Baxinko1
smtp.ugr.es:587,manuelcv@ugr.es,dm136A
smtp.shubundo.co.jp:587,yousuke@shubundo.co.jp,hanako-4414
smtp.aeportella.com:587,alicia@aeportella.com,Ae121641
mail.boycomonline.com:587,frediak@boycomonline.com,Fr0ggy01
mail.mscpharma.com:587,marksoderberg@mscpharma.com,elizabeth86
les-docks-marseille.com:587,admin@les-docks-marseille.com,laulau
smtp.fabiobadalamenti.com:587,trash@fabiobadalamenti.com,281971fbi
smtp.blockshaft.it:587,pinto.laura@blockshaft.it,laupint13
mail.crowmeris.com:587,crow@crowmeris.com,Got3dogs!
smtp.sti.com.br:587,wilmattv@sti.com.br,amliw4970
smtp.stratexconseil.com:587,dfoually@stratexconseil.com,stratex2010
mail.totrodders.com:587,info@totrodders.com,tanman97
smtp.vecovideoemusica.it:587,colella@vecovideoemusica.it,rontron
mail.gemstate.net:587,delvowens@gemstate.net,crazyman
dianjo.com.br:587,raphael@dianjo.com.br,trina07
mail.aussiebb.com.au:587,lildude@aussiebb.com.au,copper99
smtp.studioferri.biz:587,roberto@studioferri.biz,michela270
grooverestaurant.de:465(SSL),info@grooverestaurant.de,rainer
modalcorretagem.com.br:587,paula.malafaia@modalcorretagem.com.br,121068
agilismarketing.com:587,brent@agilismarketing.com,Qrstly123
smtp.ssorganizacional.com.br:587,stenio@ssorganizacional.com.br,auti864752
smtp.vojkar.cz:587,info@vojkar.cz,prdelka1
mail.wildwestriv.com:587,kentw@wildwestriv.com,river1
smtp.piscinart.com.br:587,rosaroriz@piscinart.com.br,rjag2828
smtp.springnet1.com:587,jschroll@springnet1.com,apple
mail.riversedgemin.com:587,studentpastor@riversedgemin.com,JesusChrist3
mail.webiamart.com:587,admin@webiamart.com,Cool_123
smtp.nakedlaser.com.br:587,cristina@nakedlaser.com.br,cris1875
mail.peakinet.net:587,jhaynes@peakinet.net,lizzie77
smtp.sipossnc.it:587,gestionepos@sipossnc.it,gestionepos
smtp.publimediamarketing.it:587,info@publimediamarketing.it,matilde
smtp.suninfocorp.com:587,sunita@suninfocorp.com,sudhir23
tillker.hu:587,tillker@tillker.hu,Elza1968
smtp.nitelyirie.com:587,vance@nitelyirie.com,vance1
smtp.mn13.com:465(SSL),cpj@mn13.com,22390
smtp.agrocal.cl:587,cmoreno@agrocal.cl,morenin1
mail.cowboyscountryemporium.net:587,support@cowboyscountryemporium.net,salady
smtp.slbbi.com:587,jbradshaw@slbbi.com,broncos
mbn.nifty.com:587,take-y@mbn.nifty.com,t910145b
mail.bredband2.com:587,sven.hersberg@bredband2.com,1Mr-nevs
imprintxpress.ca:587,tamer.alim@imprintxpress.ca,mazin12
nagodas.net:587,masaki@nagodas.net,88011240
blacktequila.com.br:587,contato@blacktequila.com.br,estudio1163
smtp.scnfranquias.com.br:587,arantes.jmlopes@scnfranquias.com.br,fjalfjal1977
smtp.infolink.com.br:587,aero@infolink.com.br,kawasaki
internetsidejob.com:587,info@internetsidejob.com,yuji0809
mail.brandham.co.uk:587,jack@brandham.co.uk,b098928800
smtp.hotelplanalto.com.br:587,rafael@hotelplanalto.com.br,leafar00.
mail.gabepodiatry.com:587,drstanleygabe@gabepodiatry.com,Soccer1809
mail.coughlin.net:587,paris@coughlin.net,pC0ughl1n
smtp.readytek.net:587,sjwetzel@readytek.net,postal
smtp.viwabeer.com.br:587,vendas@viwabeer.com.br,viwabeer2016
k-takata.com:587,blue@k-takata.com,ncho2548
smtp.cq430.com:587,masa@cq430.com,orionm42
mail.1630.us:587,paul@1630.us,warriors
smtp.bmo.tepm.jp:587,omusubi_0825@bmo.tepm.jp,masayuki
mail.soule.com:587,david@soule.com,ipcfid
smtp.lojapindorama.com.br:587,vinicius@lojapindorama.com.br,vini2038
smtp.shanghai.gov.cn:465(SSL),zwu@shanghai.gov.cn,mrw17301
mail.berihu.com:587,alissa@berihu.com,Yolissa712!
smtp.gupro.cc:587,richard@gupro.cc,Godblessu77
smtp.tripointgroup.com:587,roger@tripointgroup.com,bannawag01
smtp.restaurant-lemurat.com:587,webmaster@restaurant-lemurat.com,jetset75016!!
smtp.destockgolf.com:587,stephane@destockgolf.com,jeffica
smtp.t-car.cz:587,jakub@t-car.cz,0447
smtp.welder56.ru:587,vitaliy@welder56.ru,47896321
smtp.patussi.com:587,roberto@patussi.com,Kunjiu01
eurocreditsl.com:587,eurocredit@eurocreditsl.com,intelAtom7
mail.irvineonline.net:587,wildchild@irvineonline.net,sm1976
smtp.marketpress.info:587,redazione@marketpress.info,il6lcgam
smtp.evandropalma.com.br:587,evandro@evandropalma.com.br,pedreira41
mail.epl-tech.hu:465(SSL),andrassy@epl-tech.hu,amada22
mail.petcubisms.com:587,kjhunt@petcubisms.com,79eihpos
chewiemail.com:587,danielwilson11@chewiemail.com,bWLqJJTF
mail.bscn.com:587,alicedavidson@bscn.com,Aiptek52
smtp.contatomaceio.com.br:587,lucinaldo@contatomaceio.com.br,jlan2263
mail.westvic.com.au:587,odmenz@westvic.com.au,surrey
mail.binarybridge.com:587,sam.taylor@binarybridge.com,chafford100
smtp.tkeengineering.com:587,mrobinson@tkeengineering.com,Dustin56
smtp.advluispaulo.com.br:587,ronan@advluispaulo.com.br,26s27k
smtp.slior.com:465(SSL),service@slior.com,slior135
smtp.absolutethai.co.uk:587,contact@absolutethai.co.uk,lopburi
mail.cramb.id.au:587,peter@cramb.id.au,jlm20150
smtp.paxconsultores.com.br:587,claudio@paxconsultores.com.br,paxf2575
officehidezo.biz:587,info@officehidezo.biz,venus1023
m00.hu:587,m00@m00.hu,Trabant601
smtp.justice.com:587,forest@justice.com,Beowulf79!
smtp.fiorillos.com:587,mfiorillo@fiorillos.com,Password1
smtp.emerambulanze.it:587,bravo09@emerambulanze.it,emer33333
smtp.fatout.co.uk:587,emma@fatout.co.uk,peteburns1
smtp.sppostos.com.br:587,deine@sppostos.com.br,biateamo2012
smtp.noralfronthi.com:587,noralf@noralfronthi.com,Eurotrash2
mail.kellar.com:587,kellar@kellar.com,leaf4444
smtp.whe.it:587,romeo.dibiasi@whe.it,66omero01
smtp.avoltacerta.pt:587,geral@avoltacerta.pt,Vodafone123
smtp.monari.it:587,massimo@monari.it,pernilla1!
mail.festisol.nl:587,info@festisol.nl,debstruik
adrim.co.jp:587,ishigami@adrim.co.jp,045laiki
milbr.net:587,josealves@milbr.net,25M9106RWT
mail.lisi.com:587,gar@lisi.com,qwert6
smtp.realtyavenues.com:587,sara@realtyavenues.com,Arlington1
mail.dms-sono.com:587,admin@dms-sono.com,michelsautet
mail.mctevia.com:587,jenna@mctevia.com,LillianP423
smtp.psk.tepm.jp:587,takahashi@psk.tepm.jp,caa39840
webmail.madisontelco.com:587,jag@madisontelco.com,Happy01!
smtp.supersul.com.br:587,thiago@supersul.com.br,608470
mail.gamewood.net:587,ccf@gamewood.net,Bugslife1!
m5.cty-net.ne.jp:587,y-nabe5560@m5.cty-net.ne.jp,cty2049
smtp.miras-home.nl:587,info@miras-home.nl,Cattery30
mail.altieri.com:587,carlo@altieri.com,apollo
smtp.bmeg.com.br:587,daniel@bmeg.com.br,140458dg
mail.rhelectric.net:587,drs@rhelectric.net,missbelle
smtp.frontier.com:587,lsantost@frontier.com,amgen123
mail.bevhills.co.uk:587,jordan@bevhills.co.uk,edward
smtp.opoczta.pl:587,kubaj@opoczta.pl,blabla03
smtp.pm4b.com:587,stefano.italiano@pm4b.com,GFSI5050
mail.wjmphotography.co.uk:587,joe@wjmphotography.co.uk,wombat11
mail.hometowncable.net:465(SSL),spinedoc@hometowncable.net,Backer93
garden-cook.com:587,nkoyama@garden-cook.com,Abinko2017
smtp.c-point.it:587,wsnow@c-point.it,eureka90
smtp.cptarghe.it:587,fabrizio.zappini@cptarghe.it,elmalufa4Pax
smtp.wnequipamentos.com.br:587,nascimento@wnequipamentos.com.br,698773
smtp.centurylink.net:587,lpaul351@centurylink.net,Chappy21
smtp.gazetaweb.com:587,ednilda@gazetaweb.com,030680
smtp.architettilucca.it:587,g.musetti@architettilucca.it,SALOtti73
smtp.myviscom.com:587,kpd77@myviscom.com,Kpdkpdkpd1
smtp.sedaq.it:587,a.bernardi@sedaq.it,axI07V71
smtp.giulioperroneditore.com:587,mleto@giulioperroneditore.com,antoniotiamo
e-style.info:587,isp@e-style.info,felice130
mail.anthonymorpeth.com:587,tony@anthonymorpeth.com,peggysue7
decofi.vn:587,baocaothue@decofi.vn,28decofi
smtp.managementcriteria.it:587,franco.donati@managementcriteria.it,francodonati
smtp.tipografiacarriere.it:587,postal@tipografiacarriere.it,inferno22
smtp.pvco.net:587,dorothymatheson@pvco.net,chipchip
mail.trammell.com:587,gene@trammell.com,awesome1
mail.funkynoodle.co.uk:587,fish@funkynoodle.co.uk,1970
smtp.arsilicii.com:587,arsilici@arsilicii.com,piramide
visitmaniac.com:465(SSL),sean@visitmaniac.com,sklgss
mail.lipski.com:587,cj@lipski.com,6870alcj
mail.kingsignal.com:465(SSL),hwservice@kingsignal.com,123456
smtp.polysense.net:465(SSL),jgong@polysense.net,Xiushui2015
smtp.manicentra.com:587,gaurav@manicentra.com,030904anya
mail.forestkumpp.com:587,jouni.hanhela@forestkumpp.com,kju777
masa-yume.info:587,mail@masa-yume.info,89610masa
smtp.valornet.com:587,nato@valornet.com,emmamonti
smtp.pubfree.com:587,jose100@pubfree.com,26091968
minelabmods.com:587,faisal@minelabmods.com,faisal361000
smtp.liguriadiesel.it:587,liguriadieselservice@liguriadiesel.it,diesel
techcruise.co:587,events@techcruise.co,search123
smtp.ljallot.com:587,ljallot@ljallot.com,therence3
smtp.fismic.it:587,aosta@fismic.it,annacate2018
smtp.spssrl.net:587,mariausai@spssrl.net,oregon
smtp.nconnect.net:587,jbritton@nconnect.net,RosieX
smtp.undernet.be:587,postmaster@undernet.be,Viscus12
mail.bluestarcoffee.eu:587,sales@bluestarcoffee.eu,gjmtt123
mail.fmwildblue.com:587,teri@fmwildblue.com,Bruce247!
mail.outdoorweb.cz:587,obchod@outdoorweb.cz,Termopradlo1
mail.fansee.com:587,appelbaum@fansee.com,Allthelove
smtp.xosartoriarapida.it:587,amministrazione@xosartoriarapida.it,amministrazione
mail.visionquestimages.com:587,brweyes@visionquestimages.com,design13
smtp.demo-sports.com:587,info@demo-sports.com,masmola
mail.netbox.com:587,john@netbox.com,jmj1jnst
smtp.urbeengenharia.com.br:587,carlos@urbeengenharia.com.br,joao00
smtp.vasc.com.vn:587,nqhiep@vasc.com.vn,rygar198x
smtp.vitaminstore.it:587,emafb@vitaminstore.it,Ema6978
thepoolpavingspecialists.com.au:587,adrian@thepoolpavingspecialists.com.au,smitten9590
openmail.cc:587,neisser.guy@openmail.cc,was123waswas
smtp.elementsdesignstudio.co.uk:587,saul@elementsdesignstudio.co.uk,IndigoChild23
smtp.eunanet.net:587,jornalista@eunanet.net,boteco11
mail.fightchix.com:587,info@fightchix.com,lindsay4th
ciit.net.pk:587,szahid@ciit.net.pk,sarkar_zahid
mail.sonyamrecruiting.com:587,sonyamsimpson@sonyamrecruiting.com,divabags68
smtp.taylortel.net:587,browlett@taylortel.net,1Personal9
mail.otowhomes.com:587,slsbrats@otowhomes.com,zachery
smtp.homecomputer.de:465(SSL),stefan@homecomputer.de,hurz42
mail.adamson.com:587,dale@adamson.com,surveyor
smtp.manadv.com:587,ad@manadv.com,database
mail.pdt.net:587,sroth@pdt.net,icu812
smtp.justinternet.com:587,andrew@justinternet.com,Nimbus3ride!!!
undertheseainc.com:587,rosa@undertheseainc.com,rayrose1019
mail.sweetpeasandpolkadots.com:587,mary@sweetpeasandpolkadots.com,a000g5
mail.vwphotobooth.co.uk:587,gordon@vwphotobooth.co.uk,enfants5
mail.boucher.net:587,marissa@boucher.net,hunter
smtp.fccmail.com:587,pbrawner@fccmail.com,Psalm891
smtp.seu.edu.cn:465(SSL),shiwenhe@seu.edu.cn,hesw19780802
smtp.anesa.net:587,contact@anesa.net,monsieur
smtp.kellerits.com:587,gipsen@kellerits.com,Jordan1992
mail.jacob.net:587,jacob@jacob.net,flaskpost
mail.waycoolaquatics.com:587,koi@waycoolaquatics.com,saint0663
mail.ripleycable.net:587,griffinfarm@ripleycable.net,luke88
smtp.acros.com.br:587,victor@acros.com.br,vocloc2504
mail.inekon.cz:465(SSL),antonin.solar@inekon.cz,Trosmo7601.
mail.caudle.com:587,raelynn@caudle.com,kiddo1
bmail.tn:465(SSL),mourad.dridi.rades@bmail.tn,M.dridi33
smtp.arilucca.it:587,postmaster@arilucca.it,T0RQ7rAe18
mail.guerrero.com:587,ana@guerrero.com,madrid
smtp.aboul.com:587,compta@aboul.com,Aboulcom17
smtp.ipermercato-online.it:587,f.martiniello@ipermercato-online.it,04042019
aguamineralimperatriz.com.br:587,marcelo@aguamineralimperatriz.com.br,ma686396
smtp.shafer74.ru:587,smeh@shafer74.ru,123456
webmail.acantho.it:587,piergiorgio@acantho.it,florence
toatoatrips.com.br:587,comercial@toatoatrips.com.br,fijura121529
mail.nehen.org:587,neheninfo@nehen.org,Nehen123
mail.touchofclassnottingham.co.uk:587,isabel@touchofclassnottingham.co.uk,Samuel14
mail.estentsandevents.com:587,rebecca@estentsandevents.com,Jonathan1
smtp.netvision.com.br:587,mariluci.carelli@netvision.com.br,mariluci
tatemono-kobo.com:587,futamura@tatemono-kobo.com,tatemono2012
mail.cartersvillemoovers.net:587,info@cartersvillemoovers.net,daniel01
smtp.inteligraph.com.br:587,andreia@inteligraph.com.br,deia8546
ededinsky.com:587,kontakt@ededinsky.com,Futbaljehra123
mail.emrainc.com:587,ayespy@emrainc.com,1aye4spy
mail.ramousse.info:587,email@ramousse.info,stic1974
smtp.thermi.com.br:587,carlos@thermi.com.br,caco1501
smtp.astrosavelli.it:587,astronomy@astrosavelli.it,antonino87
smtp.guadagnini.it:587,tecla@guadagnini.it,484848
smtp.quanti.net.br:587,marco.oliveira@quanti.net.br,0909_Quanti
smtp.studiodemodes.com:587,roberta@studiodemodes.com,dragoinpantofole
smtp.tuboart.com.br:587,gilberto@tuboart.com.br,tuboart1975
mail.olsson.vg:587,barbro@olsson.vg,kajsakarin
mail.pellerin.com:587,michelle@pellerin.com,hardtimes64
smtp.lumancommunications.com:587,mnniba@lumancommunications.com,Nkambar26
smtp.allurecr.com:587,marta@allurecr.com,Fifizinha1
mail.haggblom.net:587,conny@haggblom.net,Ph1lad3lf!a
mail.linemen.com:587,wigs@linemen.com,laburnum44
mail.lochen.com:587,monica@lochen.com,janthore
isikkayhan.com:587,isik@isikkayhan.com,Jgwasces0001!
mail.neopias.com:587,snslt@neopias.com,SKETCO650419_r
smtp.airmicro.com.br:587,victor@airmicro.com.br,veiga753
benzon.hu:587,szilvia.gyarmati@benzon.hu,Almaspite1122
harimax.net:587,maho@harimax.net,mahomaho
mail.mwconnections.com:587,jsmith@mwconnections.com,ty6745
radrct.nl:587,123beta@radrct.nl,256Betam
mail.eyesspirit.org:587,julienwashington@eyesspirit.org,nobleson
smtp.pwt.nir.jp:587,ayanaka-frkr1103@pwt.nir.jp,03421103
smtp.madrebrasil.com.br:587,financeiro@madrebrasil.com.br,29deagostode2018
smtp.controversa.com.br:587,marina@controversa.com.br,Olga2010
hietter.us:587,john@hietter.us,Cott1Droid3
smtp.drsukhpalsingh.in:587,mail@drsukhpalsingh.in,dssd69dssd
smtp.pieva.com.br:587,dani@pieva.com.br,dani123123
mail.stu.scu.edu.cn:465(SSL),2016141522015@stu.scu.edu.cn,iopiop412414
smtp.digisurf.net.au:587,rob@digisurf.net.au,rf6919
mail.twochiros.com:587,drchristy@twochiros.com,2017NewBeg!
mail.curtis.org:587,james@curtis.org,89mccaul
smtp.amerytel.net:587,cootscustom@amerytel.net,cuZKFc8u190
smtp.luccaphoto.co.uk:587,lucca@luccaphoto.co.uk,boeing747
smtp.montereybaypestcontrol.com:587,ryan@montereybaypestcontrol.com,Password1
smtp.muttenznet.ch:587,alby.schefer@muttenznet.ch,albyalby
smtp.comprensivopacinotti.gov.it:587,petrone.s@comprensivopacinotti.gov.it,Taranto12
pklooster.nl:587,contact@pklooster.nl,hebikniet20
smtp.gr-service.it:587,info@gr-service.it,Keba2020
thelostartof.net:587,thelostartof@thelostartof.net,Llina1234
smtp.gowisper.net:587,maryperry@gowisper.net,Sparkman845
smtp.batir-rh.fr:587,jmperramant@batir-rh.fr,Jeanmarie29200
smtp.thundersnow.com:587,matthew.defelice@thundersnow.com,tiraid23
smtp.ktc.com:587,lcf143@ktc.com,Buckskin3
smtp.fagomes.com.br:587,maeda@fagomes.com.br,maeda01
smtp.elsvalerios.com:587,nando@elsvalerios.com,nandito
smtp.rajindiaauto.com:587,spares@rajindiaauto.com,9936794010
mail.gillett.com:587,lucy@gillett.com,lucy123
smtp.laboracao.com.br:587,sonia@laboracao.com.br,paulo01laura02
delangconsultancy.nl:587,jheikens@delangconsultancy.nl,Nina001
smtp.gora.com.br:587,lea@gora.com.br,362005
rogge-berlin.de:587,wapo@rogge-berlin.de,Condor
smtp.people.it:587,parsifal@people.it,lexlegis
smtp.fgrgroup.it:587,fabio.beffa@fgrgroup.it,Mlccthd1!
smtp.riousa.com:587,rnew@riousa.com,or4653bl
parkeinteriors.com:587,judy@parkeinteriors.com,Mugsley1
smtp.sequence.it:587,riccardo@sequence.it,B34TR!C3
mail.redijewelry.com:587,susan@redijewelry.com,Wv00lf1e777
smtp.igeco87.it:587,danilobattaglia@igeco87.it,Olinad73
smtp.guideo.fr:587,rene.azemar@guideo.fr,rada
amimoveiscatalao.com.br:587,matheus@amimoveiscatalao.com.br,m1234567
smtp.fitaconi.com:587,t1907024.tkdkamarina@fitaconi.com,09071973
smtp.stewireless.com:587,lbeel@stewireless.com,shadow1
smtp.kitview-support.fr:587,vimeo@kitview-support.fr,Kitview999
smtp.y-marushou.com:587,h-bun@y-marushou.com,Hb83360820
mail.exonit.by:587,fedorenko@exonit.by,FedorAlex!2
mail.touchnc.net:587,blakdb21@touchnc.net,top12345
smtp.cpacf.org.ar:587,jgeronimo@cpacf.org.ar,jg4141
harrisandrew.uk:587,private@harrisandrew.uk,Pepsi123
smtp.jsqsolutions.com:587,mmauser@jsqsolutions.com,Tprsb1
mail.oeccwildblue.com:587,marble123@oeccwildblue.com,precious
smtp.ecodelta.com.br:587,eduardoduprat@ecodelta.com.br,portugal1
mail.ricibirmingham.com:587,rici@ricibirmingham.com,Blizzboy
smtp.directbox.de:587,ludolf1711@directbox.de,kakaoo17
mail.spitz.com:587,toni@spitz.com,lauren
smtp.terroir-de-georges.com:587,georges@terroir-de-georges.com,loulette2011
smtp.lestradedelcuorebeb.com:587,info@lestradedelcuorebeb.com,wr93qdwAnm
smtp.cta-snc.it:587,roberto.lembo@cta-snc.it,090CTArl
smtp.lemoulindesoies.bzh:587,camping@lemoulindesoies.bzh,doch7235
smtp.inwave.com:587,mini-money@inwave.com,Ginger04
mail.farrar.com:587,david@farrar.com,annalaut
mail.meneses.com:587,joey@meneses.com,Cesna172p
elbolson.com:587,czerniawski@elbolson.com,clotta27clotta!
mail.enevoldsen.com:587,anneli@enevoldsen.com,solveig
smtp.pursystem.sk:587,tomas@pursystem.sk,kolenK456
smtp.plasmacem.it:587,fabio.commerciale@plasmacem.it,stevasc
mail.rmrdevelopment.com:587,nolan.reed@rmrdevelopment.com,npquakers64
smtp.polyhedron.com.br:587,monica@polyhedron.com.br,cor5age7m
mail.teenupwardbound.com:587,agore@teenupwardbound.com,Rattler02
